{
	"ankle" : 9.10751,
	"calf" : 17.8919,
	"knee" : 16.857,
	"midthigh" : 22.3017,
	"thigh" : 23.789,
	"butt" : 40.944,
	"hip" : 36.6409,
	"crotchLength" : 31.3403,
	"hipSlope" : 0.044335,
	"ankleToFloor" : 3.55276,
	"calfToFloor" : 11.9321,
	"kneeToFloor" : 17.6547,
	"midthighToFloor" : 26.0735,
	"thighToFloor" : 29.7152,
	"buttToFloor" : 35.6404,
	"hipToFloor" : 39.1425
}
