{
	"ankle" : 8.83642,
	"calf" : 14.2801,
	"knee" : 14.7691,
	"midthigh" : 18.364,
	"thigh" : 21.9558,
	"butt" : 33.8052,
	"hip" : 30.0323,
	"crotchLength" : 22.0159,
	"hipSlope" : 0.044335,
	"ankleToFloor" : 3.72532,
	"calfToFloor" : 11.8135,
	"kneeToFloor" : 19.5959,
	"midthighToFloor" : 27.2855,
	"thighToFloor" : 30.3055,
	"buttToFloor" : 33.379,
	"hipToFloor" : 36.9164
}
